{"cameraMode":{"drawMode":0,"name":"Shaded","section":"Shading Mode"},"sceneLighting":true,"audioPlay":false,"sceneViewState":{"showFog":true,"showMaterialUpdate":false,"showSkybox":true,"showFlares":true,"showImageEffects":true,"showParticleSystems":true},"in2DMode":false,"pivot":{"x":-11.571746826171875,"y":-60.962646484375,"z":-199.172607421875},"rotation":{"x":-0.5398515462875366,"y":0.012139493599534035,"z":-0.007770877797156572,"w":-0.8416687846183777},"size":393.579345703125,"orthographic":false}