{"cameraMode":{"drawMode":0,"name":"Shaded","section":"Shading Mode"},"sceneLighting":false,"audioPlay":false,"sceneViewState":{"showFog":true,"showMaterialUpdate":false,"showSkybox":false,"showFlares":true,"showImageEffects":true,"showParticleSystems":true},"in2DMode":false,"pivot":{"x":-1.1864218711853028,"y":-0.12408316135406494,"z":0.4257934093475342},"rotation":{"x":0.00033932013320736587,"y":0.9821370840072632,"z":-0.18818199634552003,"w":0.0017687167273834348},"size":3.877328634262085,"orthographic":false}